"";"variance"
"XIST";"11.58"
"DGAT2L6";" 7.20"
"PM20D1";" 6.70"
"AADACL3";" 6.09"
"KRT25";" 5.95"
"THRSP";" 5.93"
"UTY";" 5.56"
"KRTAP4-12";" 5.42"
"AWAT2";" 5.32"
"KRTAP4-8";" 5.29"
"MMP1";" 5.06"
"HLA-DRB5";" 4.91"
"DEFB4A";" 4.90"
"SEC14L6";" 4.67"
"IGHJ6";" 4.62"
"AWAT1";" 4.43"
"KRT6C";" 4.18"
"KRTAP1-5";" 4.16"
"FABP9";" 3.87"
"RPS4Y1";" 3.84"
"KRT71";" 3.81"
"IGHJ3";" 3.62"
"KRTAP4-5";" 3.53"
"TTTY15";" 3.53"
"IGHG4";" 3.49"
"GAL";" 3.22"
"TCHH";" 3.19"
"S100A7A";" 3.18"
"IGHV3-33";" 3.16"
"KDM5D";" 3.06"
"USP9Y";" 3.04"
"PRKY";" 2.96"
"PIP";" 2.93"
"KRTAP1-1";" 2.92"
"LTF";" 2.91"
"IGLC2";" 2.89"
"IGHG2";" 2.86"
"KRTAP5-8";" 2.84"
"CXCL10";" 2.84"
"UPK1A";" 2.83"
"TCN1";" 2.81"
"KRTAP2-2";" 2.67"
"KRTAP5-2";" 2.66"
"ACOT1";" 2.63"
"S100A12";" 2.62"
"PI3";" 2.62"
"MIR2117";" 2.60"
"CXCL9";" 2.54"
"KRTAP4-2";" 2.53"
"IL36A";" 2.51"
"KRT79";" 2.51"
"KRT86";" 2.51"
"KRTAP9-4";" 2.43"
"RNU5A-8P";" 2.41"
"SLCO4C1";" 2.36"
"KRTAP16-1";" 2.36"
"IGHV3-30";" 2.36"
"PRG4";" 2.36"
"KRTAP9-8";" 2.33"
"IGHV3-15";" 2.33"
"PNLDC1";" 2.27"
"MMP12";" 2.25"
"EPGN";" 2.19"
"SPRR2B";" 2.18"
"SPRR4";" 2.14"
"KRTAP5-3";" 2.13"
"KRTAP11-1";" 2.12"
"LCE3A";" 2.11"
"IGLC7";" 2.11"
"MMP3";" 2.10"
"IGKV1-17";" 2.10"
"KRT27";" 2.09"
"KRTAP2-4";" 2.08"
"RP11-789C1.1";" 2.07"
"ALOX15B";" 2.06"
"IGKV2D-24";" 2.04"
"IGKV1-6";" 2.04"
"ADIPOQ";" 2.00"
"KRTAP5-4";" 1.99"
"GLDC";" 1.93"
"IGFL1";" 1.92"
"FAR2";" 1.91"
"KRT6A";" 1.87"
"TMPRSS11E";" 1.87"
"GSTT2";" 1.86"
"FA2H";" 1.85"
"SLC44A5";" 1.84"
"KRTAP4-3";" 1.83"
"IGLV1-40";" 1.83"
"HORMAD1";" 1.80"
"SCGB1D2";" 1.79"
"KRTAP4-7";" 1.77"
"OLFM4";" 1.77"
"KRTAP1-3";" 1.74"
"COMP";" 1.72"
"KRTAP4-4";" 1.71"
"RP11-26L20.3";" 1.71"
"HEPHL1";" 1.70"
"LGALS7";" 1.69"
"KRTAP3-1";" 1.68"
"KRT33A";" 1.66"
"RP11-508M8.1";" 1.65"
"DCD";" 1.65"
"KRTAP9-7";" 1.64"
"IGLV3-1";" 1.62"
"CLC";" 1.61"
"UGT3A2";" 1.60"
"APOC1";" 1.60"
"RP11-257I8.2";" 1.58"
"IGHJ2";" 1.58"
"IGJ";" 1.58"
"UPK1A-AS1";" 1.58"
"IGKV1-5";" 1.57"
"FOSL1";" 1.57"
"PNPLA5";" 1.56"
"DDX3Y";" 1.53"
"HRNR";" 1.52"
"KRTAP2-3";" 1.52"
"IGHA1";" 1.50"
"KRT16";" 1.48"
"PI15";" 1.48"
"TNFAIP6";" 1.47"
"IGKV1-16";" 1.45"
"IGHV4-31";" 1.45"
"IGLV2-18";" 1.42"
"DEFB4B";" 1.41"
"IGKV3-20";" 1.40"
"KRTAP4-11";" 1.39"
"TMEM56";" 1.39"
"KRT82";" 1.39"
"LCE3C";" 1.38"
"IGHV4-28";" 1.38"
"S100A9";" 1.38"
"UBD";" 1.36"
"IGKV3-11";" 1.36"
"HSD11B1";" 1.34"
"FOSB";" 1.34"
"TMPRSS11D";" 1.34"
"KRTAP17-1";" 1.33"
"ADAMDEC1";" 1.33"
"IGHA2";" 1.33"
"RP11-459E5.1";" 1.32"
"SELE";" 1.30"
"IGHG3";" 1.30"
"IGHM";" 1.29"
"PRR9";" 1.29"
"CILP";" 1.28"
"IL37";" 1.27"
"PDE6A";" 1.27"
"PLA2G2A";" 1.27"
"AKR1B10";" 1.27"
"IGHV1-18";" 1.27"
"RHCG";" 1.25"
"CCL1";" 1.25"
"IGHV1-2";" 1.25"
"PLIN1";" 1.25"
"PLIN4";" 1.25"
"LCE3E";" 1.24"
"IGHV5-51";" 1.24"
"KRTAP24-1";" 1.24"
"CRAT";" 1.24"
"HSD17B13";" 1.24"
"ACSBG1";" 1.24"
"IL8";" 1.20"
"GDA";" 1.20"
"NLGN4Y";" 1.20"
"IGKV1D-12";" 1.19"
"SCGB2A2";" 1.19"
"COL6A6";" 1.17"
"KLK6";" 1.16"
"DSG4";" 1.15"
"KRT31";" 1.14"
"IGFL4";" 1.14"
"C10orf129";" 1.14"
"TPSB2";" 1.14"
"KRT35";" 1.13"
"AQP5";" 1.13"
"MT1A";" 1.12"
"FABP4";" 1.12"
"KRT6B";" 1.12"
"RP11-366M4.3";" 1.12"
"CXCL11";" 1.11"
"HSD3B1";" 1.11"
"SOAT1";" 1.10"
"IGHV3-23";" 1.10"
"GPRC5D";" 1.10"
"RP11-632K20.2";" 1.10"
"RNU5F-1";" 1.10"
"ATP12A";" 1.09"
"CCL18";" 1.09"
"HAO2";" 1.08"
"AQP9";" 1.07"
"GPD1";" 1.07"
"RARRES1";" 1.07"
"RP11-350F16.1";" 1.07"
"FOS";" 1.07"
"TTTY14";" 1.07"
"LIPG";" 1.06"
"HIST1H2AB";" 1.06"
"MC5R";" 1.05"
"IFI44L";" 1.05"
"RP11-98L5.5";" 1.05"
"RP11-356I2.2";" 1.05"
"KRTAP2-1";" 1.04"
"ALOX15";" 1.03"
"TRAJ31";" 1.02"
"CD177";" 1.02"
"CA6";" 1.01"
"FADS1";" 1.00"
"IGKV1-12";" 1.00"
"CYP4F8";" 0.99"
"SGK2";" 0.99"
"IGHV4-34";" 0.98"
"SLC27A2";" 0.98"
"AC103563.2";" 0.98"
"ACSM3";" 0.98"
"CRISP3";" 0.98"
"IL1A";" 0.98"
"KRT72";" 0.97"
"SERPINB4";" 0.96"
"CCL22";" 0.95"
"RP11-517O13.1";" 0.95"
"EIF1AY";" 0.95"
"RP11-958N24.2";" 0.94"
"KRTAP19-5";" 0.94"
"IGKV3-15";" 0.94"
"CD1B";" 0.93"
"MOGAT2";" 0.93"
"GLYATL2";" 0.93"
"RP11-84E24.2";" 0.93"
"IGHV4-4";" 0.93"
"SLC6A14";" 0.92"
"COL6A5";" 0.92"
"SLC14A1";" 0.91"
"C10orf99";" 0.91"
"IGHV3-7";" 0.91"
"CHI3L2";" 0.90"
"METTL7B";" 0.90"
"PDZK1";" 0.90"
"TRAJ35";" 0.90"
"MIR31HG";" 0.89"
"FADS2";" 0.89"
"IGKV4-1";" 0.89"
"PRAMEF3";" 0.88"
"PTX3";" 0.88"
"SCGB2A1";" 0.88"
"J01415.21";" 0.88"
"RP11-350J20.5";" 0.88"
"KRT83";" 0.87"
"HMGCS2";" 0.87"
"FNDC1";" 0.87"
"MEGT1";" 0.87"
"AC022596.6";" 0.87"
"CLDN10-AS1";" 0.87"
"CLDN10";" 0.86"
"RBP4";" 0.86"
"UCA1";" 0.86"
"G0S2";" 0.86"
"OGN";" 0.86"
"LINC00278";" 0.85"
"CIDEA";" 0.85"
"STC1";" 0.85"
"HSD17B2";" 0.85"
"CIDEC";" 0.84"
"ERAP2";" 0.84"
"AC053503.6";" 0.84"
"NELL2";" 0.84"
"PNLIPRP3";" 0.84"
"IL19";" 0.83"
"FABP7";" 0.83"
"TF";" 0.83"
"CTD-3092A11.1";" 0.83"
"RP11-989E6.3";" 0.83"
"GJB4";" 0.83"
"IGHV3-66";" 0.82"
"ZBTB16";" 0.82"
"AC068587.2";" 0.82"
"IL24";" 0.81"
"SPRR1B";" 0.81"
"TRAJ22";" 0.81"
"MUC1";" 0.81"
"SERPINE1";" 0.80"
"TRBV5-6";" 0.80"
"KRTAP3-3";" 0.80"
"CCDC144B";" 0.80"
"HBEGF";" 0.80"
"IGHV3-73";" 0.79"
"TMPRSS4";" 0.79"
"ADH1B";" 0.79"
"RAB3B";" 0.79"
"IGKV1D-16";" 0.79"
"ELF5";" 0.78"
"IL13RA2";" 0.78"
"KRTAP19-3";" 0.77"
"PNPLA3";" 0.77"
"TIMP4";" 0.77"
"LGR5";" 0.77"
"RP11-660L16.2";" 0.77"
"RP11-15J10.1";" 0.77"
"RP11-524H19.2";" 0.76"
"IL22";" 0.76"
"SAA1";" 0.76"
"GALNTL2";" 0.76"
"CYP2B7P1";" 0.76"
"RP11-20D14.6";" 0.76"
"WIF1";" 0.76"
"SLC5A5";" 0.76"
"FGFBP1";" 0.75"
"TECRL";" 0.75"
"LOR";" 0.75"
"KRT77";" 0.75"
"ABHD12B";" 0.75"
"KRT73";" 0.74"
"SLC26A9";" 0.74"
"GTF2H2";" 0.74"
"TRAJ38";" 0.74"
"IFI44";" 0.74"
"SLC46A2";" 0.74"
"CH25H";" 0.74"
"CLEC4G";" 0.73"
"LCN1P1";" 0.73"
"IL36G";" 0.73"
"RP11-413E6.8";" 0.73"
"AL353791.1";" 0.73"
"RP5-1132H15.3";" 0.73"
"TRAJ23";" 0.73"
"IGHV1-24";" 0.73"
"CST6";" 0.73"
"AC005152.3";" 0.72"
"PTGS2";" 0.72"
"ZFY";" 0.72"
"ROS1";" 0.72"
"FLG2";" 0.72"
"LEP";" 0.72"
"IFI6";" 0.72"
"GREM1";" 0.72"
"KRT75";" 0.71"
"PLA2G7";" 0.71"
"LINC00342";" 0.71"
"ABC7-42389800N19.1";" 0.71"
"DES";" 0.71"
"TNFRSF12A";" 0.71"
"OAS2";" 0.71"
"FDCSP";" 0.71"
"KLRK1";" 0.70"
"HS3ST6";" 0.70"
"KRT34";" 0.70"
"IGKV3D-11";" 0.70"
"AKR1B15";" 0.70"
"PCSK1";" 0.69"
"GPR174";" 0.69"
"MIR21";" 0.69"
"CD163";" 0.69"
"FASN";" 0.69"
"RP11-195E2.4";" 0.69"
"SULT1E1";" 0.69"
"LILRA5";" 0.69"
"SLAMF6";" 0.69"
"AC092635.1";" 0.69"
"RNASE2";" 0.68"
"LPHN3";" 0.68"
"AC016683.6";" 0.68"
"PDK4";" 0.68"
"MUC7";" 0.68"
"DKK1";" 0.68"
"RP11-757O6.1";" 0.67"
"RP11-255H23.2";" 0.67"
"TREM1";" 0.67"
"CHP2";" 0.67"
"VSIG4";" 0.67"
"IGLV3-25";" 0.67"
"PLA2G4D";" 0.67"
"CCL2";" 0.67"
"CPXM1";" 0.67"
"HIST1H2AK";" 0.67"
"RP11-371I1.2";" 0.67"
"PRSS27";" 0.67"
"TRAV8-3";" 0.66"
"MX1";" 0.66"
"PPP1R1A";" 0.66"
"PLAT";" 0.66"
"LRG1";" 0.66"
"KIAA1199";" 0.66"
"D87024.1";" 0.66"
"TNC";" 0.65"
"SOCS3";" 0.65"
"TRAJ16";" 0.65"
"HERC6";" 0.65"
"TRAJ39";" 0.64"
"SLC34A2";" 0.64"
"KRT16P2";" 0.64"
"LRRC26";" 0.64"
"KRT74";" 0.64"
"SPRR1A";" 0.64"
"CD207";" 0.64"
"RNA5SP150";" 0.64"
"BEST2";" 0.64"
"TRBV28";" 0.64"
"IL7R";" 0.64"
"NNAT";" 0.63"
"TRAV13-2";" 0.63"
"INSIG1";" 0.63"
"PECR";" 0.63"
"AC083899.3";" 0.63"
"RP11-170L3.7";" 0.63"
"FAM26E";" 0.63"
"CHI3L1";" 0.63"
"CHAC1";" 0.62"
"KRT85";" 0.62"
"KRTAP8-1";" 0.62"
"CCL19";" 0.62"
"TRGV3";" 0.62"
"LINC00622";" 0.62"
"TRAJ33";" 0.62"
"PRSS53";" 0.62"
"CYP27B1";" 0.62"
"RHPN2";" 0.62"
"CD209";" 0.62"
"TRAJ52";" 0.62"
"CTA-398F10.2";" 0.62"
"C1QTNF3";" 0.62"
"IGHV3-64";" 0.61"
"MOGAT1";" 0.61"
"CD1E";" 0.61"
"AL591845.1";" 0.61"
"AQP7";" 0.61"
"HAS3";" 0.61"
"MGST1";" 0.61"
"GPAM";" 0.61"
"MIR24-2";" 0.61"
"ADAMTS4";" 0.60"
"KIAA1324";" 0.60"
"WFDC12";" 0.60"
"IGKV1-27";" 0.60"
"HTR3A";" 0.60"
"KRTAP10-4";" 0.60"
"SELL";" 0.60"
"AADAC";" 0.60"
"TMEM63C";" 0.60"
"PPBP";" 0.60"
"APOB";" 0.60"
"AC006372.5";" 0.59"
"BTC";" 0.59"
"NAIP";" 0.59"
"KRTAP5-1";" 0.59"
"PI16";" 0.59"
"TRAJ34";" 0.59"
"RP11-1038A11.3";" 0.59"
"ACOT2";" 0.59"
"J01415.15";" 0.59"
"RP11-34P13.12";" 0.58"
"RP11-392O17.1";" 0.58"
"MT1M";" 0.58"
"NPTX1";" 0.58"
"AC003090.1";" 0.58"
"ICOS";" 0.58"
"OMD";" 0.58"
"RIMBP3B";" 0.58"
"ODC1";" 0.58"
"CYP4F2";" 0.58"
"RP11-485M7.3";" 0.58"
"GSTA3";" 0.57"
"DNER";" 0.57"
"RP11-464C19.3";" 0.57"
"FIGF";" 0.57"
"RGS1";" 0.57"
"FAM66A";" 0.57"
"MEDAG";" 0.57"
"ANKRD20A5P";" 0.57"
"RSAD2";" 0.57"
"CORIN";" 0.56"
"RP11-467L19.2";" 0.56"
"MIR27A";" 0.56"
"SNX29P1";" 0.56"
"TRDC";" 0.56"
"IGHV1-8";" 0.56"
"ANGPTL1";" 0.56"
"HTRA3";" 0.56"
"FGF7";" 0.56"
"KRT39";" 0.56"
"IGKV6-21";" 0.56"
"TGM6";" 0.56"
"C7";" 0.56"
"CD79A";" 0.55"
"IGLV3-19";" 0.55"
"DLGAP5";" 0.55"
"CLEC3A";" 0.55"
"MUCL1";" 0.55"
"CLDN8";" 0.55"
"CCZ1";" 0.55"
"RP11-397O8.4";" 0.55"
"TRBJ2-2";" 0.55"
"RP11-430H10.3";" 0.55"
"TRAJ5";" 0.55"
"THOC3";" 0.55"
"SPON1";" 0.55"
"IL20";" 0.55"
"IFIT3";" 0.55"
"MIR143";" 0.55"
"FBP1";" 0.55"
"KRT26";" 0.55"
"CEACAM6";" 0.54"
"MMP7";" 0.54"
"CYR61";" 0.54"
"LYVE1";" 0.54"
"PAPL";" 0.54"
"IGHV3-72";" 0.54"
"LCE3D";" 0.54"
"TRAJ36";" 0.54"
"TRDJ2";" 0.54"
"IL34";" 0.54"
"ANGPTL4";" 0.54"
"HIST1H3G";" 0.54"
"ARSF";" 0.54"
"TRAJ14";" 0.54"
"RP11-464F9.1";" 0.54"
"VCAM1";" 0.54"
"COL4A1";" 0.54"
"KRTAP5-6";" 0.54"
"ANGPTL7";" 0.54"
"BX571672.1";" 0.53"
"RNU5E-1";" 0.53"
"GUCY2C";" 0.53"
"KLK9";" 0.53"
"AC007390.6";" 0.53"
"PPP1R3C";" 0.53"
"TRAJ30";" 0.53"
"RP5-836N10.1";" 0.53"
"ADCY8";" 0.53"
"RP11-111G23.1";" 0.53"
"RP1-13D10.2";" 0.53"
"GBP4";" 0.53"
"KRTAP5-10";" 0.53"
"TRAJ29";" 0.53"
"CEACAM5";" 0.53"
"TRGV5";" 0.53"
"IGHV3-9";" 0.53"
"KLHDC7B";" 0.53"
"RP11-217H19.1";" 0.53"
"GBP1";" 0.52"
"NR4A2";" 0.52"
"OVCH2";" 0.52"
"AF011889.4";" 0.52"
"STEAP4";" 0.52"
"ADAMTS9";" 0.52"
"CLEC2A";" 0.52"
"KIF20A";" 0.52"
"P2RY12";" 0.52"
"PRSS22";" 0.52"
"CDC6";" 0.52"
"TRDJ3";" 0.52"
"KRTAP3-2";" 0.52"
"MMP9";" 0.52"
"TRBC2";" 0.52"
"PAMR1";" 0.51"
"GABRA4";" 0.51"
"TRAJ9";" 0.51"
"IFIT1";" 0.51"
"RP11-445H22.3";" 0.51"
"CCR4";" 0.51"
"PCOLCE2";" 0.51"
"P2RY4";" 0.51"
"SLC26A4";" 0.51"
"ZFP41";" 0.51"
"RP11-390F4.3";" 0.51"
"GJB2";" 0.51"
"NR4A3";" 0.51"
"TICRR";" 0.51"
"GSTT1";" 0.51"
"ANGPTL5";" 0.51"
"MT1G";" 0.51"
"MFAP5";" 0.51"
"RP11-34P13.7";" 0.51"
"GJB6";" 0.51"
"AC002331.1";" 0.50"
"PRR4";" 0.50"
"GBP6";" 0.50"
"CCL17";" 0.50"
"FABP5";" 0.50"
"APMAP";" 0.50"
"TRAJ17";" 0.50"
"RBX1";" 0.50"
"KRT9";" 0.50"
"SPP1";" 0.50"
"PDGFD";" 0.50"
"LCE1B";" 0.50"
"NSUN5P1";" 0.50"
"TRAT1";" 0.50"
"MS4A4E";" 0.50"
"LRRC15";" 0.50"
"IGLV3-10";" 0.50"
"TRBJ2-7";" 0.50"
"CDA";" 0.50"
"RP11-356O22.4";" 0.49"
"TRBV20-1";" 0.49"
"LIPE";" 0.49"
"H19";" 0.49"
"EPSTI1";" 0.49"
"SLC13A2";" 0.49"
"KYNU";" 0.49"
"TRBV29-1";" 0.49"
"AP000688.8";" 0.49"
"RP11-159F24.6";" 0.49"
"RP11-505C13.1";" 0.49"
"C15orf48";" 0.49"
"AC005162.5";" 0.49"
"TRGJP1";" 0.49"
"CTGF";" 0.49"
"TDO2";" 0.49"
"TNXA";" 0.49"
"CCR1";" 0.49"
"C5orf27";" 0.49"
"S100A8";" 0.49"
"LAIR2";" 0.49"
"TPPP";" 0.49"
"NR1D1";" 0.48"
"COL14A1";" 0.48"
"TRAV13-1";" 0.48"
"STEAP1";" 0.48"
"RP11-1223D19.1";" 0.48"
"RP11-561I11.2";" 0.48"
"LIPH";" 0.48"
"LEPR";" 0.48"
"CLCA4";" 0.48"
"TRBV3-1";" 0.48"
"THBS1";" 0.48"
"F3";" 0.48"
"TRAJ56";" 0.48"
"IVL";" 0.48"
"ANXA9";" 0.47"
"FAM111B";" 0.47"
"C6orf3";" 0.47"
"SERPINA12";" 0.47"
"ZNF20";" 0.47"
"IL2RA";" 0.47"
"KRTAP10-9";" 0.47"
"KRT32";" 0.47"
"SCARA5";" 0.47"
"FOXC1";" 0.47"
"HCN1";" 0.47"
"ZNF737";" 0.47"
"RP11-44F21.5";" 0.47"
"EGR1";" 0.47"
"NOL12";" 0.47"
"LCE2B";" 0.46"
"FAM72D";" 0.46"
"MDGA1";" 0.46"
"AC093734.13";" 0.46"
"HAUS7";" 0.46"
"AGT";" 0.46"
"KRT28";" 0.46"
"ARG1";" 0.46"
"CD1C";" 0.46"
"IGHD2-15";" 0.46"
"SFRP2";" 0.46"
"PER1";" 0.46"
"LPL";" 0.46"
"TRAJ37";" 0.46"
"RPTN";" 0.46"
"SVEP1";" 0.46"
"FCGBP";" 0.46"
"S100P";" 0.46"
"AC023798.1";" 0.46"
"RP11-155G15.2";" 0.46"
"RP11-458F8.1";" 0.46"
"SLC7A11";" 0.46"
"SLC25A5P5";" 0.46"
"IL2RG";" 0.46"
"ITGAL";" 0.45"
"GPC3";" 0.45"
"CD69";" 0.45"
"MS4A4A";" 0.45"
"NETO1";" 0.45"
"RP11-109D20.2";" 0.45"
"LYG2";" 0.45"
"IGHV3-20";" 0.45"
"EMILIN3";" 0.45"
"AC008074.4";" 0.45"
"KRT13";" 0.45"
"LCE6A";" 0.45"
"VTRNA2-1";" 0.45"
"CNTN1";" 0.45"
"KLRB1";" 0.45"
"MFI2";" 0.45"
"KRT19";" 0.45"
"SPRR2G";" 0.45"
"PRR5";" 0.45"
"RP11-252C15.1";" 0.45"
"SLC37A2";" 0.45"
"UCHL3";" 0.45"
"RP11-1143G9.4";" 0.45"
"RP11-974F13.6";" 0.44"
"SLC12A2";" 0.44"
"TRAJ32";" 0.44"
"CPB2-AS1";" 0.44"
"VSIG8";" 0.44"
"HIST1H3D";" 0.44"
"PCP4L1";" 0.44"
"CTSL2";" 0.44"
"XAF1";" 0.44"
"OASL";" 0.44"
"RP11-419K12.1";" 0.44"
"AP001053.11";" 0.44"
"SEMA3D";" 0.44"
"RP11-557H15.3";" 0.44"
"PHYHIP";" 0.44"
"OR7E12P";" 0.44"
"LCE2D";" 0.44"
"TRAJ21";" 0.44"
"RP11-166O4.1";" 0.44"
"IGLL3P";" 0.44"
"DOC2B";" 0.44"
"VTRNA1-1";" 0.44"
"LINC00302";" 0.44"
"AP000351.8";" 0.44"
"CALB2";" 0.44"
"CHRDL1";" 0.43"
"TRAC";" 0.43"
"ACOX2";" 0.43"
"PTPN20B";" 0.43"
"TRAV12-3";" 0.43"
"C5orf46";" 0.43"
"CLEC7A";" 0.43"
"CTD-2033D15.1";" 0.43"
"STAC2";" 0.43"
"MAMDC2";" 0.43"
"SERHL2";" 0.43"
"TMEM97";" 0.43"
"OXGR1";" 0.43"
"KRTAP4-6";" 0.43"
"ADAM19";" 0.43"
"KRT33B";" 0.43"
"ACAA2";" 0.43"
"ITGA11";" 0.43"
"HIST2H3PS2";" 0.43"
"CCL13";" 0.43"
"AC096579.7";" 0.43"
"FMO3";" 0.43"
"TRBV30";" 0.43"
"IL17RB";" 0.43"
"CD48";" 0.43"
"CALML3";" 0.43"
"GZMA";" 0.43"
"GABRP";" 0.43"
"HLA-DQB1";" 0.43"
"RP11-973F15.2";" 0.43"
"CTD-3247F14.2";" 0.43"
"ZNF117";" 0.43"
"ZG16B";" 0.43"
"CD2";" 0.43"
"PBK";" 0.43"
"POTEC";" 0.43"
"PSAPL1";" 0.43"
"CD28";" 0.43"
"SCN7A";" 0.43"
"KRT7";" 0.42"
"KCNJ15";" 0.42"
"IGLV8-61";" 0.42"
"SERPINB13";" 0.42"
"RP11-367G18.1";" 0.42"
"SKA1";" 0.42"
"ENDOU";" 0.42"
"ZNF761";" 0.42"
"FRZB";" 0.42"
"ADAMTS12";" 0.42"
"RP11-407H12.8";" 0.42"
"HIST1H2AI";" 0.42"
"SERPINB9";" 0.42"
"LCE1C";" 0.42"
"NAMPT";" 0.42"
"KRTAP5-5";" 0.42"
"RP11-44F14.2";" 0.42"
"DGAT2";" 0.42"
"RP11-123O10.4";" 0.42"
"CR1";" 0.42"
"PLN";" 0.42"
"MUC16";" 0.42"
"AZGP1P1";" 0.42"
"ATP6V0A4";" 0.42"
"TMED10P1";" 0.42"
"MIR4252";" 0.42"
"SLC6A1";" 0.42"
"FMO2";" 0.42"
"GBAP1";" 0.42"
"RP5-1158E12.3";" 0.42"
"MIR23A";" 0.42"
"ITK";" 0.42"
"RP11-262H14.5";" 0.42"
"TRBJ2-1";" 0.42"
"INA";" 0.42"
"ANKRD36C";" 0.42"
"DAB2";" 0.41"
"GS1-259H13.2";" 0.41"
"AC092484.1";" 0.41"
"NPPC";" 0.41"
"IGHV1-3";" 0.41"
"ACVR1C";" 0.41"
"MME";" 0.41"
"ADAMTS2";" 0.41"
"ASIP";" 0.41"
"snoZ278";" 0.41"
"CCNA2";" 0.41"
"MIR221";" 0.41"
"SCD";" 0.41"
"FAM72C";" 0.41"
"PCDHB8";" 0.41"
"CD180";" 0.41"
"AC145124.2";" 0.41"
"CTLA4";" 0.41"
"AC006024.4";" 0.41"
"CFTR";" 0.41"
"CSH2";" 0.41"
"TGM2";" 0.41"
"RP11-70C1.1";" 0.41"
"TRAJ48";" 0.41"
"CTD-2008A1.1";" 0.41"
"FAM224A";" 0.41"
"CTSL1";" 0.41"
"RNA5SP141";" 0.41"
"PLA2G3";" 0.41"
"PHLDA2";" 0.41"
"NXF4";" 0.41"
"AC005682.5";" 0.41"
"KRT38";" 0.41"
"RNA5SP19";" 0.41"
"RP4-753P9.3";" 0.41"
"DDX60";" 0.40"
"NCAPG";" 0.40"
"BX004987.4";" 0.40"
"IGFL2";" 0.40"
"ATF3";" 0.40"
"FCER2";" 0.40"
"HIST1H4F";" 0.40"
"CD96";" 0.40"
"ANXA3";" 0.40"
"RP11-73G16.2";" 0.40"
"FZD2";" 0.40"
"PLK1";" 0.40"
"PTGIS";" 0.40"
"ZNF519";" 0.40"
"TRAJ49";" 0.40"
"ZNF664";" 0.40"
"ANKRD20A9P";" 0.40"
"IFI27";" 0.40"
"AC007000.11";" 0.40"
"RP11-872D17.8";" 0.40"
"MIR145";" 0.40"
"LDHD";" 0.40"
"CARD18";" 0.40"
"IGFBP6";" 0.40"
"KLRC2";" 0.40"
"PADI1";" 0.40"
"TSPAN8";" 0.40"
"ATP6V1B1";" 0.40"
"TRAJ12";" 0.40"
"TRIM73";" 0.40"
"CTD-2066L21.3";" 0.40"
"KRTAP29-1";" 0.40"
"MIR29C";" 0.40"
"GINS2";" 0.40"
"SNX10";" 0.40"
"RFX2";" 0.40"
"ACTA1";" 0.40"
"POLQ";" 0.40"
"PAQR5";" 0.40"
"DNAH17";" 0.40"
"FAM133DP";" 0.40"
"RP11-259O2.3";" 0.40"
"CD3D";" 0.39"
"RP11-462G2.1";" 0.39"
"OAS1";" 0.39"
"REEP6";" 0.39"
"DPEP1";" 0.39"
"RP11-276A18.2";" 0.39"
"XDH";" 0.39"
"RP11-324D17.1";" 0.39"
"PTPRCAP";" 0.39"
"FHL5";" 0.39"
"NR4A1";" 0.39"
"TM4SF19";" 0.39"
"TNMD";" 0.39"
"ANKRD20A4";" 0.39"
"SNORD114-28";" 0.39"
"ARPC3";" 0.39"
"FAM18B1";" 0.39"
"TRBV2";" 0.39"
"KIF4A";" 0.39"
"SERPINB3";" 0.39"
"FLRT3";" 0.39"
"SLC2A12";" 0.39"
"WDR72";" 0.39"
"TRAJ45";" 0.39"
"CCDC103";" 0.39"
"NDC80";" 0.39"
"CCNB1";" 0.39"
"AC069363.1";" 0.39"
"GPR171";" 0.39"
"SLC47A2";" 0.39"
"CD274";" 0.39"
"HIST1H1B";" 0.39"
"LYPD2";" 0.39"
"CENPE";" 0.38"
"ADAMTS1";" 0.38"
"LCE1A";" 0.38"
"VCAN";" 0.38"
"KLLN";" 0.38"
"GVINP1";" 0.38"
"RASA4B";" 0.38"
"LCE4A";" 0.38"
"KRTAP10-11";" 0.38"
"CNTFR";" 0.38"
"NABP1";" 0.38"
"KRT15";" 0.38"
"USP17L5";" 0.38"
"C3orf80";" 0.38"
"SUCNR1";" 0.38"
"ENPP1";" 0.38"
"AC093375.1";" 0.38"
"PABPC4L";" 0.38"
"ANKRD36B";" 0.38"
"RPL18A";" 0.38"
"CYP4B1";" 0.38"
"RP11-321G12.1";" 0.38"
"BST2";" 0.38"
"RP1-90J20.8";" 0.38"
"RP1-152L7.5";" 0.38"
"CAPN6";" 0.38"
"FAM83D";" 0.38"
"DACH1";" 0.38"
"GXYLT2";" 0.38"
"KIF14";" 0.38"
"ADAM12";" 0.38"
"CCL26";" 0.38"
"IGF1";" 0.38"
"HLA-DQB2";" 0.38"
"ALG1L";" 0.38"
"EREG";" 0.38"
"ERP27";" 0.38"
"RP11-160O5.1";" 0.38"
"GOLGA8A";" 0.38"
"FUT2";" 0.37"
"ASPM";" 0.37"
"GAN";" 0.37"
"LRRC37A3";" 0.37"
"AC079325.6";" 0.37"
"TK1";" 0.37"
"C5AR1";" 0.37"
"MCM10";" 0.37"
"TYMP";" 0.37"
"OR2G6";" 0.37"
"KANSL1-AS1";" 0.37"
"FAM35B2";" 0.37"
"CD27";" 0.37"
"ACAT2";" 0.37"
"TOB2P1";" 0.37"
"AC016405.2";" 0.37"
"CTD-2015G9.2";" 0.37"
"TMEM191C";" 0.37"
"GPR65";" 0.37"
"RP11-245J9.4";" 0.37"
"RP11-326C3.7";" 0.37"
"TRAJ43";" 0.37"
"SNORD114-26";" 0.37"
"RP11-423O2.5";" 0.37"
"RP11-529H20.6";" 0.37"
"CYP4F11";" 0.37"
"IGLV3-9";" 0.37"
"LIPK";" 0.37"
"C1QC";" 0.37"
"FAM20A";" 0.37"
"ELANE";" 0.37"
"CLMP";" 0.37"
"LIPN";" 0.37"
"KCTD4";" 0.37"
"CXCR1";" 0.37"
